,stress,vision-shape,episodic memory,object recognition,motor,attention,gaze,learning,social,math,language,reward,errors,switching,audition,emotion,speech,reading,conflict,decision-making,semantic,inhibition,LTM,action,reasoning,fear,gustation,WM,motion,pain,sensory,spatial processing
pMCC_i3_R,-0.699608140671075,-0.009646659454388607,1.4832059710766576,0.21571868245044248,-0.7104533528560497,-0.0932905973545003,-1.462908845686842,-0.1185642737287825,-0.07325616891981118,-0.7898155874995831,-0.37267406917637186,0.3069647984218986,-0.17462129585301575,-0.14532634778446663,-0.5276076871996853,0.11657110798081165,0.2701015750726902,0.06783338062805998,-0.3833482784364158,-0.8683976716199565,0.3177122724105683,0.017620593045764958,0.30778924943424524,-0.39791941632707,-0.5198969974435879,-0.23005939373155038,-0.6116037212502092,0.059491819063281076,-0.4228953732423248,-0.3204549498746753,-0.08523961479065292,0.42849757040712355
dPCC_i1_R,0.2040509462482632,-0.9044409723335418,0.6012740877148324,-0.1328894471629022,0.3763405488897478,-0.25581593709279044,-1.0999173024484863,0.10078003639680937,0.14487715222587566,-0.10078008023530946,-1.0517691494246424,-0.08388351499919716,-0.2304023481333574,0.09564270878567038,-0.9918551724464759,0.20514834943265017,-0.04693542749504276,-0.0020459952316108114,-0.20111784129268365,-0.13164211900316625,-0.6412025574283037,0.30786768189847313,0.4166031109675788,-0.6603311449133366,-0.16016765539258895,0.4451789593083204,0.5224728795781112,-0.3696487541426585,-1.0854818978539653,0.6882035079355034,-0.357381992759406,-0.46367354939905586
dPCC_i2_R,0.2124085683379485,-0.3013009291239893,0.19495537691019837,-0.3734602542934021,-0.23896717364822637,0.06085611552807366,-0.5703510929447919,-0.21397574905653186,0.33647909210927035,0.03529760491299935,0.033675556707213346,0.24078445508539228,0.36127800844793295,0.13385975490007648,-0.45071686606065087,0.11510301434575546,-0.14453889834458683,-0.392815163656115,0.46755411143272013,0.32075964618819564,-0.24521391249338997,0.8587891374166342,0.5051769933286275,-0.3323374646122672,-0.46684919709955697,0.3386176312676553,-0.33292454977187397,-0.10945190104491201,-1.1002756321657043,0.378519602836954,-0.35015695743600783,0.0544955695312529
dPCC_i3_R,-0.09436786063448484,-0.4314550288418652,1.0206552583655326,0.06541144597334603,-0.6456814403215669,-0.122283142337069,-0.6559716673230174,-0.17509920405155624,0.7289390981934286,-0.12094546016511448,0.03662397880251747,-0.19488902569776037,0.061650708091484825,-0.24352795115215126,-0.645784968667948,0.024012197298134533,-0.9714997071461529,-0.756913355623814,-0.6731814587614906,0.2825509774102857,-0.004047592545561647,-0.1809065480914367,0.3624405127273684,-0.7650342409952124,-0.17044833482735627,0.0923450100983107,-0.5696450891245792,0.19667011122587794,-0.961120756972289,-0.11498315924933938,-0.27506001394366913,-0.5541240009937419
vPCC_i1_R,0.454792584317872,-0.5584214237753101,0.6295015152933121,-0.19058518697407031,-0.7151960929422417,-0.21224348661373443,-1.3997837468311967,-0.38180114550151667,0.5969704448927498,-0.30106454574051866,-0.014089224304975646,0.41525362026325857,-0.0878067393987066,-0.24460403519493912,-0.7084478272496286,0.3074742522192247,-0.3400515553452858,-0.34146530411542053,-0.10687329819482659,0.4863971372387499,-0.09373348918400953,0.009156952315508123,-0.15040925018906628,-0.5071085691417787,0.17100492990195287,0.31406559369605797,-0.12077090533010759,-0.026832823847120296,-0.7263303275032409,0.2392922949726055,-0.5296854844506903,-0.4906889750620917
RSC_R,0.039335134433412994,-0.3237486325449834,1.7063042252115745,0.10162888531923807,-0.7007746588978625,-0.1984633002489246,-0.9569837502581238,-0.19483699033756993,0.5878181664464366,-0.13241638037327094,-0.10524012652421637,0.2850723546554442,0.022374855364486947,-0.23293652281120972,-0.1263633225717753,0.04376966691664674,-0.3088759655783441,-0.4725204401875001,-0.5396848200822063,0.3096725202690177,0.18846080901223003,-0.08061574990856124,0.5495596006478013,-1.028850154293634,-0.7825029686942768,0.017377492425953205,0.19724151317662802,-0.006616187276775951,-0.9794573276667277,-0.32538374430402467,-0.3366910346369721,-0.5873881729017756
pMCC_i3_L,0.10371582332268012,-0.5873252703582869,0.12549268619401133,-0.493156168150214,-0.22912669286687723,-0.009176888129664017,-0.08737082043716601,-0.38052009779637946,-0.260072955710853,-0.2669764654704455,-0.629587522636321,0.3044579272651382,0.29014940090029173,0.2562535732530178,-0.24262392684151632,0.03580399058258919,-0.08506493399968032,-0.11440119721544006,0.6672315687736013,0.2650340935175086,-0.10923935949343946,0.35213041503789094,-0.17823203350500408,-0.11750317111153447,-0.0391986377923532,0.876985010563244,0.2907402939399097,0.09054715951110066,-0.6266651122311345,1.1716711615453104,-0.41262578257963745,-0.4327560660441902
dPCC_i1_L,0.6281657583085541,-0.5198446113182231,0.3066166701346399,-0.4198027295206257,-0.49535789786078904,-0.21631450712622952,-0.3581852563404942,-0.2624888867299315,0.3912930602913856,-0.4098155816906585,-0.7907430827603585,0.5971988334299474,0.4688369139301402,0.03364459751181812,-0.9052501582484579,0.4300584152283969,-0.7665884392623589,-1.1290532875554324,-0.03246568859601308,0.45197327662446385,-0.4077871075464677,0.4546252760603066,0.18044299322350235,-0.34250932696654063,-0.5362861166312756,0.6128084011089311,0.6903575544793862,-0.2044296757635851,-0.8129294075626962,0.5569787780040296,-0.5914288066388721,-0.3936884311627064
dPCC_i2_L,-0.4689518742641236,-0.26797358078253636,1.60619098820747,0.0487718748977253,-0.38537289360850413,-0.366755778143425,-0.483481058417278,0.04487795338427935,0.24219280987811503,-0.06759616451864407,-0.4896574009713195,0.3508783160134891,-0.4331869414967404,-0.3391398765306244,-0.22724212168074462,0.067453461568864,0.09966716923642016,-0.4108065339554656,-0.29664690783772807,0.26048646683893184,0.36728382804060006,-0.16864789773418074,0.5442703848531099,-0.19419889165148363,0.1964682098797437,-0.19017128241474882,-0.31611590762661423,-0.04444128308786467,-0.8816087618999427,-0.19870588923623314,0.0793279133887723,0.26816586104667195
dPCC_i3_L,0.12543517479175398,-0.5671986095995968,0.07614732535320966,-0.422333580394584,0.4800685904250131,-0.11293415681117534,-0.17350062906660113,-0.20369151661275225,0.05567010602625678,-0.23478150940187054,-0.7176905032105143,0.06898114496961166,0.03616833637719303,0.38408695783051555,-0.6219058420962598,0.149029341862934,0.15741747800021938,-0.19937984302159317,0.523577620266537,0.10535390630082782,0.016471296424898873,0.59849668761831,-0.06443124975280988,0.3340592320004514,-0.2855810342528372,1.019247382537026,0.035542251691288954,-0.33534629082434897,-0.9962663822124459,1.4227430353571782,-0.1607765720880327,-0.513872015319326
vPCC_i1_L,0.4478232002079231,-0.7258604198523096,0.3979961668123046,-0.44001864653331596,-0.6112456721286028,-0.2510979534383875,-0.5894142705659698,-0.0867603306195839,0.319638767479102,-0.49362984433076773,-0.4613413665553585,0.6546035350590207,0.17508945589102384,-0.352960177373871,-0.7855465576395267,0.43999358017627677,-0.22179922311888464,-0.9748317901177577,0.20035660404877775,0.6394910752202572,0.039855248520187944,0.272241843339265,-0.03834220956734395,-0.7398884125860532,-0.04463238314043185,0.41203754898490624,0.07939439683137704,-0.033381088741307505,-0.876548739422101,0.645716006583863,-0.641021223060816,-0.45724631648577074
RSC_L,0.3776408397924464,-0.5350014057080744,0.8881555713384157,-0.6283482555379467,-0.971626967161135,-0.16818675888452397,-1.0303079556745711,-0.17312700786357813,0.3298863877786599,0.008626732368628275,-1.0008479991524395,0.537617252603583,0.21164096185427358,-0.4457027239707096,-1.241582100297749,0.6529328977362111,-0.3844481587222054,-0.2267038960493371,-0.2256906295011419,0.7985085951047096,-0.5333865084988465,-0.2387540932705161,-0.29206904858925564,-0.7384138818104932,-0.9627322692434446,0.7776138253330893,0.8229885233341026,-0.23622939676223378,-0.5529005541865054,0.27366734292689027,-0.7867489953515082,-0.5451278506551688
pMCC_s3_R,0.4433485895066523,-0.365274126224291,-0.20518363053882285,-0.39779952394816065,-0.3094035461978222,-0.0629542312124496,-0.8339817831177982,-0.21729883218574225,0.07722707871026543,0.08877158979939229,-0.3160344775002954,0.30434325401781875,0.3878804210335139,0.26144389425210773,-0.35680740350844337,0.00037074083356637325,-0.4000030030821712,-0.3108702526536351,0.5720930576924267,0.7747574535241242,-0.4101322759255279,0.5804086888093459,0.1959108558624239,-0.24267721488631744,0.29564125809182323,0.5012332186412842,-0.13124409623741615,0.34903598878110403,-0.7487505157465426,0.7045173551470226,-0.5691237020448341,-0.2044198546268688
dPCC_s1_R,0.5258183210890185,-0.33969826835009265,0.25294247445114526,-0.27762699438958593,1.1032195145582828,-0.17103259843347843,-0.12323036207011136,0.1879091759153284,-0.21907700729589735,-1.0534829626207471,-0.9679480367363461,0.1942187413725672,0.09429316002607221,0.25560491042930716,-0.5980567673446779,0.08120026970670821,-0.2944572695563583,-0.5525485164161451,-0.3299491004836232,0.022385541363573923,-0.3630680146851106,-0.39509242516528614,0.05827008829312534,-0.047361418638684843,-0.10494970466343079,0.1667681387117768,-0.07423203325168796,-0.16859010587205184,-1.058574867091142,0.9190104679715316,-0.08289011939882769,-0.2468345454491949
dPCC_s2_R,0.07658332565177267,-0.8023850527306425,0.16870040505320694,-0.051619536601887346,-0.060226272540206474,-0.16511849003589338,-0.11653904519125115,0.004769530038282838,0.46910770593492107,-0.6829424521612588,-0.07676272312928807,0.174762595269738,-0.02917400900571156,0.03771875675977113,-0.17926370764438343,0.24523440896315354,-0.08947740140702055,-0.30048944291684354,0.04612852974720694,0.020331847801578498,0.11352328357656685,0.5093337663367652,0.3406137285241486,-0.20140078718486196,-0.28817917064121223,0.229341729301492,-0.10020422982088369,-0.06461584843448936,-0.4179472469993824,0.6943976096822925,-0.46161344597092907,-0.3751631573020919
dPCC_s3_R,0.0783099773880077,0.10472685488953153,-0.3724374675846287,-0.34663402093401835,-0.4221520221504843,0.2630901157348877,-0.24135203522457446,-0.19093345316656923,-0.04538437684347663,0.5377688473812555,-0.29195628671965196,0.12183756626169022,0.6104839638337565,0.4100550055850532,-0.3317588701308471,-0.0425133451187745,-0.2295955501073336,-0.018803145759215024,0.814603743203955,0.609750080979841,-0.10386674895482333,0.5800623426045555,0.15221454514109997,-0.3256809241271009,0.17190059199711313,0.39312099651374416,-0.4499348330851346,0.47443720128799627,-0.5674504793982924,0.8225574719941269,-0.3974897518137663,-0.1408619217279067
dPCC_s5_R,0.40006143919240644,-0.5634522592608853,0.19500264601188796,-0.30383751439854295,-0.9261006211725418,-0.09764140879070263,0.10823720736643747,-0.34461205164253017,0.19815594893803584,-0.7235182214894434,-0.7845221505511815,0.7309071894334187,0.3313970464407179,0.09287019060239995,-0.717327185757388,0.3979661730538042,-0.7428810365236426,-0.48136155702756067,0.4209270852878602,0.3986998970814585,-0.23360977155096313,0.9100432944816932,-0.11347771209383516,-0.7595350511023687,0.1590910385827456,0.21783428814003358,0.4870702689211872,0.16565312027960183,-1.1642028116169738,0.34487944851283225,-0.638733974943955,-0.6183180395998208
vPCC_s1_R,0.2366017412611534,-0.2723740166696012,1.2379414912981606,0.16949573569600612,-0.5703393065712561,-0.021355198255594933,-0.1224958514304936,-0.13354911502360378,0.6415042346206162,0.16695098328859648,-0.23178018471818912,0.2643582754531194,0.27831112267824926,-0.34911536526911924,-0.21223770100558575,-0.034915222138020535,-0.23933637004616207,-0.4053954070726479,-0.26472379173539706,0.12679215248633743,0.03487273153596117,-0.2975068724228073,0.2340439117802745,-0.5797030194571422,-1.0876892782496483,0.020166200323770412,-0.2037887886237155,-0.027738510275254733,-0.482562396343466,-0.2656701569071323,0.091880073485997,-0.1547423637304374
vPCC_s2_R,0.0736485292080567,-0.47119125497724373,0.4315275989819921,0.06231654745590567,1.0376245266161777,-0.14572631249791868,0.40442141293929423,0.13074914961092957,0.16232592959985848,-0.3215516529821229,-0.8648330391806436,0.09905291109573527,0.4131968684256339,-0.10931530004978113,-0.7568138437519362,-0.0728537901508286,-0.3351583442971522,-0.36604652262475135,-0.25119794310258997,-0.04361019689065326,-0.044908638552151076,-0.2134369369563307,0.19531162702902416,0.202281053651038,-0.11203637431941074,-0.15349607770788054,-1.3157398937079792,-0.07869750493321429,-0.5986277841706252,0.2634070224472781,-0.029390355529755836,0.2464745853124898
pMCC_s3_L,-0.11029166821548336,-0.3327004784138002,0.4856618327167146,-0.017427089666367884,-0.5666378440211568,-0.05221802021221084,-0.2755963635850074,-0.466404027807788,0.06517294730566792,-0.19212604667500624,-0.11424317523839383,-0.20560665285586968,-0.11013687002838013,0.19243168419386283,-0.32458454531709513,-0.010582570663418233,-0.5358061694394809,-0.5323350491052492,-0.18753833776440218,0.3320195657130953,0.18333487654459213,0.049651526028483724,0.38654447102584527,0.032042850166664694,0.027518856580497433,-0.2507250134421885,-0.27053286832677587,0.28623105050689657,-0.8648366167015953,0.16474692182310302,-0.4568723026172202,-0.21858014906086407
dPCC_s1_L,0.11088408511776639,-0.5860519469507444,0.7909124451360047,0.061196288671679346,-0.7147334505673263,-0.05375198610481904,-0.4495667329905982,-0.35998721860045174,0.9682359262864728,-0.12383537966813175,0.3004642828212966,-0.4123004836049896,0.06652730527853797,-0.3834573683196527,-0.8903365919729791,0.05439709776172434,-1.0208938760608912,0.10287663468769526,0.10292651292786839,-0.26486974211677605,0.05405675158928918,-0.03525762964730098,0.2730054423303244,0.025184489834654575,-0.463105258541022,0.10303963480763566,-0.22163185052741535,-0.05402637567647855,-0.08511627716831169,0.029289297449835886,-0.3593944493717022,0.05897944106688113
dPCC_s2_L,-0.09262481540422073,-0.10955445997713961,1.5892479121713659,0.053298430335821836,-0.5301593471040028,-0.1871903600845925,-0.6038202025225767,-0.0676312341129857,0.6488370648681454,-0.3763273664667289,-0.16581304807462305,0.08664476451794491,-0.005780229043427299,-0.04685080780355304,-0.10935271362661371,-0.001625662978626058,-0.5794640925466639,-0.5582664862608543,-0.48149641199115173,0.3909629527652166,0.3567964866653496,-0.41532337605417974,0.5651475311922911,-0.6567604705626919,-0.3099652464853109,0.06798815955213117,0.07705514286587953,0.030131804639104417,-1.1513493817959732,-0.2042694636406561,-0.263365056497573,-0.20339479754281928
dPCC_s3_L,-0.29850831757419294,-0.1390692821221861,1.3783840240743241,0.10542679908310859,-0.37914033298853766,-0.1900061773359571,-0.6893672784966308,-0.06452675361729114,0.32866992518161,-0.2560030245645361,-0.09992644599026566,0.14852493594987146,0.28632486404017415,-0.28868876350380557,-0.06987971484282925,-0.06671266415143413,-0.11014160942625578,-0.08062133824987969,-0.5527454224940834,-0.5534408185754834,0.06697954070905486,0.12963323882532982,0.26554179578063164,-0.40736385303013095,-0.7689204548054421,0.04860351476636249,0.1438873840048771,0.1459398244291313,-0.593653542261582,-0.049339297394207386,-0.20813648250801325,-0.3207789016803191
dPCC_s5_L,-0.4342392347428243,-0.17184999196007406,1.3329467149046024,0.13235193195268555,-0.6585860461851055,-0.2712647543117535,-0.745989962192576,-0.3986040122736885,1.0183529681220662,-0.4572785005739468,0.22449750959620776,-0.2083509749415018,-0.08762374532011706,-0.40397241839477094,-0.4650872807886978,0.1464062594801761,-0.5828189590010865,-0.29875547076600306,-0.3344043828122048,0.22862774302520947,0.38766275605699285,-0.4462948436097371,0.34772424958711085,-0.47092499019377854,0.32182124014913127,0.08603620448127006,-0.39862443883970805,-0.04453046810131076,-0.0445114137356748,-0.20047754634158407,-0.44104924710164023,-0.23646088308484609
vPCC_s1_L,0.10957325011166419,-0.7116548300238521,0.5876207976251601,-0.5869070418620018,-0.8152785582368386,-0.2486168295848288,-0.6198937480207708,-0.24545623790597818,0.3453977481169996,-0.1200140820989799,-0.35763568210700003,0.42142697675575613,0.30082726257446246,-0.2181472780354932,-0.7620787596081536,0.45805096277054647,-0.13464478668778268,-0.5466296266789307,-0.016410774072517037,1.0082000417184125,-0.047634553114568746,-0.2449832448155843,0.07900732995573018,-0.6466705960485936,0.077631027819517,0.7615239386619997,0.804454291273361,-0.15333626565293695,-0.8683868993329128,0.5057924442668004,-0.7127041923545024,-0.9006144197564213
vPCC_s2_L,0.03076916082289127,-0.34764222471316675,0.5967973941951619,-0.42758100162849055,0.9168519431495324,0.05011087120241842,0.001895583553256021,0.007919225460510295,0.14232855726591387,-0.32981752257655833,-1.1733113976704843,0.18168299358141612,0.15307062183081516,0.16650936396846025,-0.9300450000253772,-0.08119863754145967,-0.2674488967613491,-0.42286000517604305,0.10710042240709633,0.626179080394318,-0.10935335439005178,0.056060008274347345,0.14304995673973336,-0.00204005381479421,0.10603061562024334,-0.7294565922579348,-0.7273138892443444,-0.1222613279492422,-1.0580593379073857,0.38114898205671516,-0.08316901129703089,-0.2670293603274687
pMCC_i2_R,0.43402458522827264,-0.6422834755512957,0.004096480572207013,-0.5916952515909074,-0.5298949246629411,-0.053222652513978806,-0.3636036287528311,-0.5597504291961689,0.31716850688680126,-0.18698420949944797,-0.40807259958769637,0.549575910837269,0.3065601130677634,0.03736075255652255,-0.4535463362896829,0.1230308887017113,-0.6321786040100179,-0.8147185230676879,0.16387674263807872,0.6037668405280504,-0.6165064451025969,0.581597278259884,-0.136073216892703,-0.5008438952265566,-0.2618790880665432,0.5810218323028628,0.05925387912618542,0.11061473376940197,-1.159556330531072,0.5580791064217594,-0.6855914006700456,-0.6178779087848774
pMCC_i1_R,0.18789226235147943,-0.28573475839581824,0.6325537787044121,0.052720305594358384,-0.23100872078715196,-0.09554684852065688,-0.4154136390639721,-0.359190222559555,0.19444613224608828,0.13467791432743348,-0.13786569268472743,-0.021064486533207347,0.09991748915940853,0.296222461125837,-0.4544993675158956,-0.10827751685428726,-0.5142004162876124,-0.6049792592719164,-0.19241231004048676,0.2900226777641623,0.4696626816981246,-0.07987025962206142,0.6182716576751361,0.1378131265917355,0.07864602958464131,-0.2850532243872568,0.15342418408783604,0.08501927668600014,-0.6439205910090646,0.11359923236108857,-0.36544234642855244,-0.20788703595122976
aMCC_i3_R,0.154766028983568,-0.646940750737107,0.2204033248481017,-0.1579797691296982,-0.4511333067905875,-0.10111152954830911,-1.040747159909644,-0.2815334865707566,0.24173500037364412,-0.3855132634370738,0.016096199225808284,0.3098139786261875,0.41332814896944786,0.09283816626581477,-0.18824391665147272,0.11953042168560454,-0.1134994255223312,0.06459303423569053,0.4661319597557508,0.6879061809411631,-0.08977005894157401,0.43306092813167507,0.3465206260156629,-0.4101212790412379,0.3877353950542948,0.4315619512958985,0.266142020279091,0.09530536418505603,-0.8887862620605806,0.8017938156954899,-0.44009812023000605,-0.3997068788402973
aMCC_i2_R,0.12447354546869309,-0.8744791167135058,-0.2747171589156536,-0.3786291743111082,0.6676486323895536,-0.27301934403629835,-0.17423509956096253,0.29458944820066213,-0.19917704733009856,-0.2967268406605735,-1.2888070062601882,0.7140350086811538,0.022723444991822897,-0.01591847557749346,-0.2448466656386495,-0.13889820770201955,-0.194981725275455,-0.4832090770802705,-0.09365138546022506,-0.31443096639762363,-0.11739282406041013,0.09589769583013924,0.1630528837663717,0.03452388796712357,-0.15824035208362472,0.6789289084456093,0.5824185600153378,-0.07602386992361679,-0.6268987129557664,1.0684115616564327,-0.28935540343856203,-0.3768108355433766
aMCC_i1_R,0.03222128834602643,0.013159217684017566,-0.3124924115098322,-0.31400699933209,1.2285045548144884,0.040438225840370594,0.11257824238470995,0.32341163174246995,-0.3641940867977047,-0.30907116317560135,-0.9884591501953894,-0.09300220421373753,-0.26836770473161886,0.36854564829437886,-0.07240686039818459,-0.4284233487036744,0.41726270408749183,-0.1786904128791882,0.25971373323857433,-0.319331206046483,-0.27109203428747763,0.34821427261212695,-0.5147823735689059,0.2637873593519351,-0.11020487449045296,0.26048703456055733,-0.8434811834929901,0.029165856358318448,-0.5268617081176957,0.7943314610716365,-0.06424104998613935,-0.1332437822258597
pgACC_i3_R,-0.1435254836619475,-0.3715150813094855,0.6352250248629072,-0.26205557572661287,-0.46250331738618955,-0.06952496180000371,-0.15117743664759317,-0.09283984084535475,-0.01318323718237701,-0.22884132671749763,0.010243906136528431,0.444662588044098,0.13291236596299966,0.4631951892159132,-0.4197918181021903,0.05528344785521272,-0.11556840802490811,-0.43317434467991567,-0.23459668090457125,0.6132548450453725,0.1161797168714602,0.5124482679224295,0.5681011979041166,-0.06391281827103426,0.14112431008892531,0.07776479524347596,-0.29010720131883055,-0.0919576710266484,-0.6104125065606107,0.2476109666561266,-0.7609376462813885,-0.38547269259805883
pgACC_i2_R,-0.014750931247160122,-0.3044946814331341,0.8324057291096048,-0.7781375082289321,-0.7670952898276816,-0.35075724786398865,-0.7536394845996586,-0.45320338315435094,0.19489429356984275,-0.5581789336371581,-1.0785612910746536,0.8797824728439343,0.3116673809862668,-0.271237988499754,-0.7011585069869484,0.6065625272154667,-0.27412811157184125,-0.7239924784602315,0.01572681853912871,1.0104184672813492,-0.3213067263295993,-0.014006244960504108,-0.09871060026591437,-0.3572854703622434,-1.0257170630482155,1.0511743429869134,0.6576085048546395,-0.0954127582040792,-0.751942170067729,0.11871535245247089,-1.2903280960542998,-0.45790579460571734
pgACC_i1_R,-0.1164709311583727,-0.4198385644927154,0.8675448358839624,0.06965790968610683,-0.7336503955430974,-0.16068936155188782,-0.5407355198023893,-0.4672523351669029,0.7235606291611645,0.13037437741417535,-0.32137749033638097,-0.08168164939913058,0.2068066048996618,-0.28952564663947955,-0.5158910954667053,0.1331456089333231,-0.6381945192651937,-0.4370464161038363,-0.21545953229725623,-0.049145244264344155,-0.00847521373471402,0.03382690500163729,0.0588061150572754,-0.5890406769236273,-0.1531907501172236,0.2289949388964248,-0.7551383667530216,0.080387485196208,-0.48272540406227304,-0.2804571086867766,-0.4168903329089918,-0.6205029991781931
sgACC_R,0.03537100891799528,-0.5531287671901707,0.8352455222503247,-0.29743932375867,-0.5233808809577075,-0.2704457175464111,-0.3953264078052936,0.0993682715296126,-0.031724509543463175,-0.11084471078876468,-0.01189945702391632,0.5905326485431783,0.08572163921110465,0.38345403946793116,-0.47915870431067104,0.016865165173208307,-0.30871718294999717,-0.3565696986383974,-0.08662994174261539,0.65254165512016,0.41235046192066716,0.37638692278681063,0.5782258856164516,0.06355356982701418,0.16514579890616787,0.13184836353487245,0.19333511427334973,-0.14340136176766158,-0.5945694021322552,0.4319465810092044,-0.495906136533639,-0.5019321149793716
pMCC_i2_L,0.09761371930438126,-0.42798265440692224,0.3898944329008958,-0.5019545927215884,0.16941940765904234,-0.2005127097369888,-0.392324266753611,-0.2750522782579636,0.11915230600792923,-0.36244118344760623,-0.6346875278383509,0.3282049540301766,0.1220984077136468,0.009918217541581105,-0.7486203273722604,0.15559550677537343,-0.240563983262439,-0.4531594314037094,-0.22675809443648914,-0.03135514975647709,-0.36682056112449024,0.47389839861663513,0.15859866039084558,-0.4511816520877839,0.17528375481302297,0.3407258686204089,0.5217162879244992,-0.06044843444075121,-1.2556273393227513,0.789400759031629,-0.47936908536635897,0.1258691462371988
pMCC_i1_L,0.4092818290371907,-0.6551151129301206,0.8586700517012401,0.08616059948812067,-0.5255770390252814,-0.08141236876646282,-0.887940839409068,0.0011086662428198561,0.22321562881474424,-0.37084621876759866,-0.2241396676036131,0.010977527054901272,0.10879432153500403,0.2349091879567225,-0.31666473916530413,-0.12788005717514356,-0.35258137594252065,-0.03839947548029836,-0.009545914630336008,0.5027580710056105,0.4275166379740661,0.12489185464793988,0.5228335467193551,-0.15173027363976865,0.04766284128231223,-0.19338334724286332,-0.24400151751464655,0.04872106272711944,0.12019512428048366,0.6952061456470822,-0.32365892198998203,-0.0013900902315850565
aMCC_i3_L,0.04723302705130688,-0.5519818764016877,0.6480695669389839,-0.06358482694660123,0.43358817429286495,-0.36400470425915094,-0.4192878787283298,0.146249211457814,0.03755561159366098,-0.9643272550559681,-0.24874228110696317,0.6437172127098522,0.31821525048898025,-0.013097736964641775,-0.5072935587000231,-0.13874191519801995,-0.20641216458972844,-0.49353363734191197,-0.16405724069459096,0.5326555597626493,0.09671701406883919,0.12885195296669427,0.42724405550952593,-0.021613316608876366,0.0666369900190548,0.013699948127756248,-1.0692281815692684,-0.04432992941612989,-0.4003515031239976,0.4535206220539292,-0.3888115273011131,-0.22108985974202072
aMCC_i2_L,-0.2915434955166157,-0.06837652890985582,0.8770459294359035,-0.1394641077208986,-0.343047497686061,0.13545076771194428,0.2501578788993898,-0.2345651985813235,-0.2611453570354415,-0.5510409148520534,0.17104024261483478,-0.18635836149089152,0.22326572394853908,0.19022949794554847,-0.13497797138877007,0.04450186252388365,-0.05492460250011703,-0.17532747572590898,-0.2871453927280543,-0.06238202410770231,0.16892994369503697,-0.004896439225384693,0.4510115419952725,-0.25571662595860445,-0.4283559165411377,0.3452319655016343,0.39485567019583684,0.10644318497841061,0.11221178726974465,-0.2911827956392112,-0.12165066688029767,0.36941986342065786
aMCC_i1_L,0.2994761571377381,-0.8276246762605627,-0.5002034443414597,-0.23448000501876998,0.7002006942688727,-0.336315469587101,-0.45345106952028286,0.19791069065139222,-0.2600482438297146,-0.45485343788683813,-0.23784673656944488,0.43109893371805386,0.13049924772347213,0.1596342197663808,-0.25193556014543356,0.08446204294875188,-0.18709204580936,-0.46802744211052544,0.13646557497476794,0.3144273566016309,-0.08208868455538748,-0.051975734635591075,0.09262522079744046,0.044117524188102185,-0.22912423132575976,0.7266458580939315,-0.469732642916151,-0.29295864917720077,-0.9284057683371458,1.0138837393066509,0.053605144536553476,-0.6876934049758788
pgACC_i3_L,0.15057816152218173,-0.5867099915050276,-0.29424310845671875,-0.2567617352152494,-0.6253093210834543,-0.10036313661956726,-0.6263012627585397,-0.3432584717658963,-0.13801836797798206,-0.678286103070381,-0.6064692571953465,0.5715827268710175,0.2641307176850914,0.22457597554198083,-0.4415500770607779,0.17605161668046762,-0.12282661871499899,-0.5411185740342022,0.518667595756117,0.5492295783775505,-0.09189759046188975,0.7027945536972355,-0.07503859556104091,-0.7094399943630224,0.08399230296169237,0.7168402685659298,0.422748329959357,0.06975429969774177,-0.8697429206191053,0.9817372892835213,-0.4702035678946918,-0.8671344770063739
pgACC_i2_L,-0.018184406936767164,-0.005858384927795661,-0.6083985825937277,-0.21990662553120635,1.1874374123911766,0.031353308227474654,0.2573281850841982,0.4207896858309051,-0.36452951249275795,-0.1261034193781203,-0.17775048530479667,-0.06931700316134333,-0.015876179149644322,0.47476144861375497,-0.12123729052375104,-0.3488349597180896,0.5097087279311726,0.3637569484290888,0.2084144598010527,-0.01285198337845637,0.027382068731629357,0.26083562087337886,-0.22134460497020914,0.2552351882066793,-0.12713073379604323,0.01625231268614019,-0.48065784920511745,0.09683364743460281,-0.47396772012452554,0.772375778463371,0.17020297337041299,-0.010094465021919952
pgACC_i1_L,-0.5116324328112168,-0.037844885230406924,1.4221293460545161,-0.31732265431432005,-0.45887826606383264,-0.18978944997262112,-0.17112749641001482,-0.48877410970617763,0.14470978531634132,-1.0546588697320762,0.04998760434473848,0.2795935979388974,0.3682182501133149,-0.09853671635513625,-0.001411520546029907,-0.03450499425266503,0.15871995974579667,-0.5194044340466575,-0.26335069758568824,0.191677668982736,0.35473189253756093,-0.1840867066606065,0.4764314593043864,-0.5216509707784134,-0.47054140236077874,0.12128272279263719,-0.17155295105847718,-0.16810399595638956,-0.1846887384943276,0.006023657750130412,-0.22900183254356066,0.19506490380084635
sgACC_L,-0.07246828483555112,-0.10192965339070255,-0.5439869772773636,-0.33161737856381585,0.29761229650294996,0.32339926824652715,0.06332422672724104,0.06323880689419467,-0.20651103197464174,0.47457910690459687,-0.208752473498722,0.05828690941032221,0.4494382097928894,0.6391251487680684,0.015606547606582945,-0.19560583257770686,0.2841158402886354,0.06940345490623724,0.8906023156359729,0.11926006886298993,-0.09123475585201068,0.5025053646331534,0.02597116697629252,-0.12664665264673203,0.2496511698652336,0.42454019777882535,-0.5378798484497802,0.4944381297855608,-0.4734651705088476,0.6573333524363256,-0.24619063822445728,0.049231724383462024
pMCC_s2_R,-0.3790360301187879,-0.03710596603160141,-0.3022955472987139,-0.24484838113118293,0.358686942431912,0.00256901200194538,-0.4109848842118261,0.28127204340244166,0.014981211922400775,0.38074465070940683,0.1331917662599207,-0.16133307927516888,0.10107406001806514,0.4789529675327539,-0.02030049534593161,-0.25812387395756187,0.3617109509396065,0.5261064339125261,0.7089017256554249,0.10925253912791333,0.3176837264135583,0.41631584932455085,0.19592053132573267,0.06992705272998442,0.5098946991735764,0.11470232387470705,-0.21426936393396293,0.4379110101886996,-0.520232139055486,0.6726649883083154,-0.09507570050433056,-0.01675350311298131
pMCC_s1_R,0.3942996378426076,-0.5786182240254204,0.002579806422904288,-0.41948233057740403,-0.5953040658201905,-0.3552540914077396,-0.9854804487501561,-0.2059342316483202,0.14697930678090343,-0.37686503387716985,-0.6279646756078265,0.8564268828006196,0.17345641641631251,-0.2600029643541267,-0.5615630864012267,0.025532852458860875,-0.07759592381236662,-0.17922348660858192,0.28989564823456937,0.4781668677861814,-0.3430232803783379,0.6888289256771937,-0.16409624084376864,-0.49307016513007995,-0.42108347298552534,0.6489673987498241,0.4524760230623596,0.14291742635501367,-1.3290663985213538,1.1276596065008888,-0.8853295448840621,-0.6107850420118689
aMCC_s3_R,0.016501886827375287,-0.4290658998896648,0.9067005874259638,-0.19948862058646552,0.3426316333493917,-0.24578405209383847,0.10349725261012102,0.10297005102290871,0.18245444005578018,-0.4772840823819427,-0.8868039910926659,-0.06173752778817127,0.33040121673150996,0.31343054206053034,-0.6008980050052198,-0.07432056887996326,-0.010248455739874884,-0.2703503817487625,0.09163372004664201,0.309010748163609,0.23798475889925616,0.11352440729539835,0.5173517770907342,-0.2101639595288511,0.3994781076789971,0.013041373514719977,-0.5893286533768174,-0.10831539162151613,-0.6654319277544224,0.3614363699858788,-0.4768619141772395,-0.3751367942793783
aMCC_s2_R,0.3050764541314156,-0.27780769841779906,0.052179084225511756,-0.050873509382449944,-0.8713455162453584,-0.06819806733543803,-0.3930046100752684,-0.2719653750965975,0.061793201435171356,-0.6519392299882981,-0.07344880850448039,-0.2854753405349019,0.09001897508082811,0.06842340264983321,-0.46196230474118805,0.07677749587817448,-0.3581748028153322,0.16510411187011412,-0.19821326221049212,0.13310206209431158,0.24923320580065425,0.39908738714471925,0.5423033361452462,0.08675721710765562,0.3014786132097371,-0.13315991428935442,-0.011234255856356925,0.006001257482516482,-0.43180823763159226,-0.07807170852745447,-0.19970394154158042,0.02115503863753862
aMCC_s1_R,0.08561494273793273,-0.4725590150865148,-0.08668090199164265,-0.46277019111691625,0.3381731700170091,-0.009466050490401171,0.022174398548931905,0.004331450384317405,-0.014318485985224916,0.19040736917610032,-0.6546320242650877,0.13005822233069927,0.10372203507798604,0.28548280604488363,-0.12208427094139979,0.11267371693443233,-0.008137654580000441,-0.2706840044129038,0.4924680243097102,0.10063350804249835,-0.44362245678837875,0.31635433569913135,0.050437835027171855,0.1886439070858782,-0.3461447185281327,1.2279992525188939,0.013254991245077315,-0.16338238539127237,-0.9695371047072332,1.2322753601525864,-0.22028324638803543,-0.6197266847755339
pgACC_s3_R,0.22961407617644786,-0.49721603422207755,0.08287061322616882,-0.33372115405607733,-0.2792566583474742,-0.1690340328028139,-0.2110614816024831,-0.23788425515873915,0.008511896015717326,-0.3136871795991247,-0.8294487694763459,0.5017545183528722,-0.005809504146946157,0.16750223811877488,-0.5988838444290883,0.23370803713205807,0.04472482058247039,-0.3015318018403504,0.3746544270704354,0.19558809341960526,-0.3727324232862385,0.5333300151717222,-0.18631342562261785,0.1382066018090786,0.046611975614548606,0.9329467470485454,0.4442532467990106,0.24827934256808615,-0.908528994567634,1.2962390632059149,-0.3176493706798193,-0.6994988570742526
pgACC_s2_R,-0.217874412063602,-0.16519154656396967,0.05523007224131107,-0.40916628416114037,-0.42867665801226895,-0.09976708332675885,-0.20680555348687982,-0.025727061271412062,0.011377011056412473,0.17975890742922399,0.2204103342690188,0.08913506675351852,0.47885155013979497,0.2574303887352502,-0.16291480547958598,-0.02469175631404997,0.10656738333841874,0.3844830953382875,0.563980919232045,0.5488824529000282,0.10259199366103247,0.3912318875303275,0.30359243831614274,-0.03638006693057577,0.49212784467464676,0.18213052493950194,0.0830381237737664,0.4768267957178947,-0.4931735942604557,0.8645583384971885,-0.3434205016576085,-0.07789289873594064
pMCC_s2_L,0.09816344817221406,-0.19992553888701076,0.6317746141866658,-0.6728037596757624,-1.0592704621770217,-0.37247683805387505,-0.29742910315249027,-0.33688086375080445,0.5554153903018855,-1.1511519656796676,-0.9963788288153,0.3495272439665344,0.06571913160729131,-0.23889672109119303,-0.5586574721522365,0.48609278078430584,-0.5550966666045154,-0.9633121432583943,-0.21131445146686278,0.8650942968828871,-0.37207086242737486,0.03298969377626911,0.1411102521402915,-0.5113655848065471,-0.041277711376720004,0.633995438836572,0.6151031186429811,-0.24134883462410803,-0.934285105999694,0.4519397481381351,-0.6310710654710462,-0.38770539411417043
pMCC_s1_L,0.35722928508678276,-1.0855223499769002,0.10565221434529698,-0.39301439670279575,-0.4935586335441734,-0.13234563727918708,-0.4296450534303864,-0.3410323738352351,0.3467359555638391,-0.27372721011542567,-0.21992607077673576,0.6147669831731016,0.16878863120575024,-0.10301470254455909,-0.6340531205128507,0.4106256770122641,-0.2764838890679339,-0.7773381543691942,-0.13761756392401525,0.4272180878547751,-0.164377565585962,0.3358225504274367,-0.2435537048523339,-0.32879303180002767,0.18393459440693957,-0.07816417422318185,-0.008172532208215436,-0.028758767957775006,-0.9248686369766768,0.5208248177111364,-0.8186528561792329,-1.0389972380490338
aMCC_s3_L,0.019134002414573102,-0.3429538518792342,0.9552825463905745,0.4130192519884427,-0.5777434917529264,-0.2975774778557128,-0.6121556086626578,-0.38312475792521933,1.0083315951529357,-0.278305665859853,-0.2839540491365317,-0.006749327985581567,0.15223378939107268,-0.45712232799586344,-0.328703261063805,0.12071512489860134,-0.4601816643501069,-0.6997760702845803,-0.046617891863868506,0.18594904449070793,0.058664430534518926,-0.028160725052326006,0.5397058778188576,-0.3960998557024404,-0.24869887930471168,0.2270096454391498,-0.4727561723634453,-0.07547401780709052,-0.40851143158234665,-0.0632075554145769,-0.4708659955902014,0.012383958653073018
aMCC_s2_L,0.5035937607762758,-0.7194544563002012,0.15379141574507177,-0.03325656881062643,-0.7060004531942701,-0.23011534869492636,-0.6893087815082211,-0.43160923450854055,0.38975128774802387,-0.3391691831593343,-0.16526369984153633,0.7726714209828227,0.4717654946667054,-0.20429151160030556,-0.8657590117275777,0.38519981785366125,-0.3556671722184726,-1.167973306100619,-0.15493533972642762,0.5653645388660595,0.034933267519842874,-0.06898438259915399,0.07199410684611986,-0.6483765479439252,-0.028387619125969515,0.32938921225451206,0.4571385507123463,-0.18761271730427478,-0.8447778772851279,0.5523379019762303,-0.7561144947800978,-0.9545767932995116
aMCC_s1_L,0.10618168867492325,-0.2834199083287134,0.18387406186084165,0.029485086498319015,1.2849651730122162,-0.12571451225154043,0.1582613950895087,0.41647499000727806,-0.14175441323014523,-0.4828755425623172,-1.188429428849374,0.1087313978706702,0.07787547170026145,0.233675130281855,-0.5788300814270378,-0.2552551892765681,0.02078909651260451,-0.0712797772581919,-0.06801818025751609,-0.2613336457020955,-0.8022705455140694,0.004467124192882237,0.08243605394194276,0.5068005525586696,0.01841899681202853,0.14390516833890085,-0.3548871405243046,-0.15101915648585498,-0.5396779666919361,0.6612281093977618,-0.08357506412154168,-0.41905602736726183
pgACC_s3_L,-0.17912983627145754,-0.6692322708696005,1.166138814980633,-0.17549898651050522,-0.559990925469114,-0.128748999942377,-0.6595140558944677,-0.34168456844594897,1.0600171507141738,-0.542398948402393,0.5143940915490297,-0.5664297297530242,-0.31561703242442507,-0.27559133227452826,-0.21237587949817308,0.21063670547212415,-0.20415359999214003,-0.040216962401915114,-0.13179289859682938,0.2570669207540418,0.15620328129785205,-0.2980076155504595,0.2293183117469756,-0.20190326294460803,-0.12318074578237474,-0.06779247655169461,-0.041014337860715185,-0.2707281206186238,-0.41636781122769856,-0.15209169377342097,-0.3405722058164645,-0.07719403039517879
pgACC_s2_L,0.6118756570172804,-1.1235568365614703,0.14969484795658158,-0.4538009301008566,-0.5916766023787784,-0.3794419650463005,-1.4579895349220062,-0.4025992091904893,0.6006168668265666,-0.5283650562650528,-0.09047125147498913,0.4284499422968178,0.26242153389478146,-0.2737066880293751,-0.5955551134306376,0.20348632161052366,-0.6161983158937877,-0.34548863193554485,0.20017608172187665,0.5667977802638471,-0.4551672103459086,0.3922447733604442,0.30946545320345303,-0.6970270089157233,-0.5346888899883928,0.5692952185051874,-0.2794558976002746,0.008196209365187652,-1.3615101583363354,0.576746294155769,-0.5122492039593505,-0.3241815796125417
